City_ID,City,Country,Date,Lat,Lng,Max Temp,Humidity,Cloudiness,Wind Speed,Current Description
0,Asau,RO,2021-08-05 19:50:05,46.4333,26.4,78.28,63,98,3.49,moderate rain
1,Kongolo,CD,2021-08-05 19:50:05,-5.3833,27.0,85.41,30,67,2.95,broken clouds
2,Belaya Gora,RU,2021-08-05 19:50:05,68.5333,146.4167,40.55,86,100,4.07,overcast clouds
3,Leningradskiy,RU,2021-08-05 19:50:06,69.3833,178.4167,40.37,95,97,3.13,overcast clouds
4,Kodiak,US,2021-08-05 19:48:49,57.79,-152.4072,60.31,77,90,0.0,light rain
5,Nemuro,JP,2021-08-05 19:50:07,43.3236,145.575,68.56,96,71,3.29,broken clouds
6,Katsuura,JP,2021-08-05 19:50:07,35.1333,140.3,80.71,87,62,6.98,broken clouds
7,Busselton,AU,2021-08-05 19:50:07,-33.65,115.3333,39.09,82,0,6.11,clear sky
8,College,US,2021-08-05 19:49:27,64.8569,-147.8028,75.2,56,20,0.0,smoke
9,Cherskiy,RU,2021-08-05 19:48:33,68.75,161.3,47.48,77,49,4.72,scattered clouds
10,Punta Arenas,CL,2021-08-05 19:49:19,-53.15,-70.9167,46.51,61,75,14.97,broken clouds
11,Newton,US,2021-08-05 19:45:09,42.337,-71.2092,70.14,89,90,1.99,overcast clouds
12,Hithadhoo,MV,2021-08-05 19:49:49,-0.6,73.0833,80.65,78,99,6.98,heavy intensity rain
13,Hasaki,JP,2021-08-05 19:50:08,35.7333,140.8333,75.6,84,44,4.09,scattered clouds
14,Ambilobe,MG,2021-08-05 19:50:09,-13.2,49.05,68.63,72,37,3.22,scattered clouds
15,Kapaa,US,2021-08-05 19:50:09,22.0752,-159.319,82.72,75,40,5.01,light rain
16,Puyo,EC,2021-08-05 19:50:09,-1.4667,-77.9833,82.87,41,20,3.44,few clouds
17,Kaitangata,NZ,2021-08-05 19:50:10,-46.2817,169.8464,44.92,86,71,4.99,broken clouds
18,Rikitea,PF,2021-08-05 19:50:10,-23.1203,-134.9692,73.92,75,29,18.16,scattered clouds
19,Saint-Philippe,RE,2021-08-05 19:50:10,-21.3585,55.7679,67.55,81,43,11.16,light rain
20,Hobart,AU,2021-08-05 19:48:33,-42.8794,147.3294,55.06,60,40,3.0,scattered clouds
21,Fraserburgh,GB,2021-08-05 19:50:10,57.6874,-2.0184,60.44,84,95,21.81,overcast clouds
22,Dabakala,CI,2021-08-05 19:50:11,8.3667,-4.4333,73.65,89,83,4.25,broken clouds
23,Avarua,CK,2021-08-05 19:50:11,-21.2078,-159.775,75.25,69,75,2.3,broken clouds
24,Santiago Del Estero,AR,2021-08-05 19:50:11,-27.7951,-64.2615,77.25,19,54,10.04,broken clouds
25,Zhigansk,RU,2021-08-05 19:49:44,66.7697,123.3711,52.03,52,0,6.93,clear sky
26,Bluff,NZ,2021-08-05 19:48:21,-46.6,168.3333,37.8,86,74,7.2,broken clouds
27,Saint-Augustin,CA,2021-08-05 19:50:12,51.226,-58.6502,69.73,66,100,21.72,overcast clouds
28,Vestmannaeyjar,IS,2021-08-05 19:50:12,63.4427,-20.2734,56.41,79,24,6.11,few clouds
29,Kichmengskiy Gorodok,RU,2021-08-05 19:50:12,59.9816,45.7854,52.32,71,12,4.09,few clouds
30,Bethel,US,2021-08-05 19:47:17,41.3712,-73.414,80.94,73,90,8.05,overcast clouds
31,Tombouctou,ML,2021-08-05 19:50:13,20.0,-3.0,101.46,25,54,11.81,broken clouds
32,Albany,US,2021-08-05 19:50:13,42.6001,-73.9662,82.17,57,67,2.62,broken clouds
33,Oblivskaya,RU,2021-08-05 19:50:13,48.5362,42.5014,77.45,34,97,12.21,overcast clouds
34,Mahebourg,MU,2021-08-05 19:50:13,-20.4081,57.7,70.09,68,40,11.5,light rain
35,Husavik,IS,2021-08-05 19:50:14,66.0449,-17.3389,57.11,82,70,6.6,broken clouds
36,Ribeira Grande,PT,2021-08-05 19:48:01,38.5167,-28.7,77.4,78,40,17.27,scattered clouds
37,Srednekolymsk,RU,2021-08-05 19:50:14,67.45,153.6833,42.44,80,100,9.62,overcast clouds
38,Aklavik,CA,2021-08-05 19:50:14,68.2191,-135.0107,68.72,45,40,3.44,haze
39,Thompson,CA,2021-08-05 19:50:15,55.7435,-97.8558,64.56,45,75,6.91,smoke
40,Butaritari,KI,2021-08-05 19:50:15,3.0707,172.7902,83.98,61,12,10.76,few clouds
41,Uralets,RU,2021-08-05 19:50:15,57.6614,59.6497,56.46,96,100,6.49,overcast clouds
42,Abu Dhabi,AE,2021-08-05 19:47:07,24.4667,54.3667,93.31,75,100,2.3,overcast clouds
43,Chokurdakh,RU,2021-08-05 19:50:15,70.6333,147.9167,36.63,86,100,10.71,overcast clouds
44,Mataura,NZ,2021-08-05 19:50:16,-46.1927,168.8643,37.47,98,19,2.55,few clouds
45,Lethem,GY,2021-08-05 19:50:16,3.3803,-59.7968,86.65,61,65,2.95,broken clouds
46,Cururupu,BR,2021-08-05 19:50:16,-1.8283,-44.8683,82.44,64,36,5.66,scattered clouds
47,Jamestown,US,2021-08-05 19:45:20,42.097,-79.2353,82.29,50,20,6.91,few clouds
48,Longyearbyen,SJ,2021-08-05 19:50:17,78.2186,15.6401,42.64,87,40,10.36,scattered clouds
49,Gwadar,PK,2021-08-05 19:50:17,25.1216,62.3254,81.18,85,17,5.77,few clouds
50,Ust-Nera,RU,2021-08-05 19:50:17,64.5667,143.2,44.89,71,93,5.82,overcast clouds
51,Belmonte,BR,2021-08-05 19:50:17,-15.8631,-38.8828,70.3,78,100,12.44,overcast clouds
52,Vaini,TO,2021-08-05 19:50:18,-21.2,-175.2,64.56,88,75,4.61,broken clouds
53,New Norfolk,AU,2021-08-05 19:50:18,-42.7826,147.0587,54.72,63,100,11.99,overcast clouds
54,Sao Filipe,CV,2021-08-05 19:50:18,14.8961,-24.4956,78.8,89,100,6.71,overcast clouds
55,Dezful,IR,2021-08-05 19:50:19,32.3811,48.4058,101.89,14,82,4.74,broken clouds
56,Savannah Bight,HN,2021-08-05 19:49:21,16.45,-85.85,86.05,79,6,21.63,clear sky
57,Yellowknife,CA,2021-08-05 19:47:28,62.456,-114.3525,64.33,63,75,4.0,broken clouds
58,Arraial Do Cabo,BR,2021-08-05 19:50:19,-22.9661,-42.0278,73.36,78,40,10.36,scattered clouds
59,Labuhan,ID,2021-08-05 19:50:19,-6.8844,112.2051,76.05,85,79,7.07,broken clouds
60,Atar,MR,2021-08-05 19:50:20,20.5169,-13.0499,103.17,13,0,10.54,clear sky
61,Aden,YE,2021-08-05 19:45:41,12.7794,45.0367,86.67,67,78,5.12,broken clouds
62,Tiksi,RU,2021-08-05 19:48:17,71.6872,128.8694,41.34,86,100,9.53,overcast clouds
63,Severo-Kurilsk,RU,2021-08-05 19:50:20,50.6789,156.125,53.6,83,26,19.28,scattered clouds
64,Corinto,GR,2021-08-05 19:45:30,37.9407,22.9573,93.76,42,0,5.01,clear sky
65,Lebu,CL,2021-08-05 19:50:21,-37.6167,-73.65,55.4,73,100,13.24,overcast clouds
66,Hilo,US,2021-08-05 19:48:25,19.7297,-155.09,78.8,81,90,3.44,overcast clouds
67,Tuktoyaktuk,CA,2021-08-05 19:50:21,69.4541,-133.0374,59.0,77,75,8.05,broken clouds
68,Qadirpur Ran,PK,2021-08-05 19:50:21,30.2924,71.6712,93.09,34,0,7.23,clear sky
69,Vilyuysk,RU,2021-08-05 19:50:22,63.7553,121.6247,52.56,53,0,5.99,clear sky
70,Bambous Virieux,MU,2021-08-05 19:50:22,-20.3428,57.7575,70.05,68,40,11.5,light rain
71,Nyrob,RU,2021-08-05 19:50:22,60.733,56.7202,52.68,97,1,2.86,clear sky
72,Puerto Ayora,EC,2021-08-05 19:50:22,-0.7393,-90.3518,80.56,84,87,5.01,overcast clouds
73,Kavieng,PG,2021-08-05 19:50:23,-2.5744,150.7967,82.04,72,100,3.36,overcast clouds
74,Villarrica,PY,2021-08-05 19:50:23,-25.75,-56.4333,73.72,43,100,4.12,overcast clouds
75,Turinsk,RU,2021-08-05 19:50:23,58.0458,63.696,66.29,91,100,8.37,heavy intensity rain
76,Tura,IN,2021-08-05 19:50:23,25.5198,90.2201,75.99,93,100,2.17,overcast clouds
77,Fort-Shevchenko,KZ,2021-08-05 19:50:24,44.5086,50.263,83.23,53,54,6.91,broken clouds
78,Darab,IR,2021-08-05 19:50:24,28.7519,54.5444,89.83,26,100,2.68,overcast clouds
79,Iqaluit,CA,2021-08-05 19:50:24,63.7506,-68.5145,46.13,71,90,12.66,light rain
80,Mazamari,PE,2021-08-05 19:50:25,-11.3258,-74.5308,88.63,31,3,1.7,clear sky
81,Upernavik,GL,2021-08-05 19:50:25,72.7868,-56.1549,45.18,64,0,7.38,clear sky
82,Cape Town,ZA,2021-08-05 19:46:47,-33.9258,18.4232,58.1,81,0,1.01,clear sky
83,Sistranda,NO,2021-08-05 19:47:49,63.7256,8.834,60.91,77,100,7.72,overcast clouds
84,Ushuaia,AR,2021-08-05 19:50:25,-54.8,-68.3,49.62,75,75,33.38,heavy intensity rain
85,Dikson,RU,2021-08-05 19:49:51,73.5069,80.5464,50.83,87,0,2.46,clear sky
86,Seoul,KR,2021-08-05 19:48:20,37.5683,126.9778,80.08,86,0,2.3,clear sky
87,Sogne,NO,2021-08-05 19:50:26,58.0833,7.8167,62.69,1,44,3.0,scattered clouds
88,Kruisfontein,ZA,2021-08-05 19:50:26,-34.0033,24.7314,56.88,98,100,1.07,light rain
89,Coahuayana,MX,2021-08-05 19:50:26,18.7333,-103.6833,82.78,78,100,3.22,overcast clouds
90,Chuy,UY,2021-08-05 19:50:27,-33.6971,-53.4616,60.51,82,93,9.08,overcast clouds
91,Tasiilaq,GL,2021-08-05 19:50:27,65.6145,-37.6368,41.95,76,24,2.19,few clouds
92,Jumla,NP,2021-08-05 19:50:27,29.2747,82.1838,63.14,97,99,0.74,overcast clouds
93,Santa Rosa,PH,2021-08-05 19:50:27,14.3122,121.1114,82.38,85,100,7.16,overcast clouds
94,Richards Bay,ZA,2021-08-05 19:49:11,-28.783,32.0377,62.49,91,0,5.39,clear sky
95,Narsaq,GL,2021-08-05 19:50:28,60.9167,-46.05,49.21,85,100,6.04,light rain
96,Qaanaaq,GL,2021-08-05 19:50:28,77.484,-69.3632,46.98,60,33,2.1,scattered clouds
97,Anadyr,RU,2021-08-05 19:50:28,64.75,177.4833,48.7,81,40,11.01,scattered clouds
98,Mackenzie,CA,2021-08-05 19:50:29,55.2999,-123.1698,73.62,60,40,5.75,scattered clouds
99,Alice Springs,AU,2021-08-05 19:50:29,-23.7,133.8833,35.15,75,0,0.0,clear sky
100,Guaruja,BR,2021-08-05 19:46:28,-23.9931,-46.2564,74.8,68,75,8.05,broken clouds
101,Bredasdorp,ZA,2021-08-05 19:50:30,-34.5322,20.0403,52.92,94,40,3.44,scattered clouds
102,Touros,BR,2021-08-05 19:50:30,-5.1989,-35.4608,79.7,73,46,17.81,scattered clouds
103,Bartica,GY,2021-08-05 19:50:30,6.4,-58.6167,89.92,68,92,4.09,overcast clouds
104,Haines Junction,CA,2021-08-05 19:50:31,60.7522,-137.5108,64.35,68,76,2.3,light rain
105,Khatanga,RU,2021-08-05 19:50:31,71.9667,102.5,57.31,45,57,9.42,broken clouds
106,Erenhot,CN,2021-08-05 19:50:31,43.6475,111.9767,68.22,41,8,5.41,clear sky
107,East London,ZA,2021-08-05 19:50:31,-33.0153,27.9116,66.02,85,86,3.96,overcast clouds
108,Balikpapan,ID,2021-08-05 19:50:32,-1.2675,116.8289,76.78,88,100,5.79,moderate rain
109,Nikolskoye,RU,2021-08-05 19:50:32,59.7035,30.7861,62.49,86,100,1.61,overcast clouds
110,Isangel,VU,2021-08-05 19:50:32,-19.55,169.2667,66.31,82,80,4.61,broken clouds
111,Roald,NO,2021-08-05 19:50:33,62.5833,6.1333,64.45,77,0,10.36,clear sky
112,Sorland,NO,2021-08-05 19:50:33,67.667,12.6934,53.78,91,100,11.56,overcast clouds
113,Clyde River,CA,2021-08-05 19:50:33,70.4692,-68.5914,39.43,100,90,11.5,moderate rain
114,Samarai,PG,2021-08-05 19:50:34,-10.6167,150.6667,77.34,72,99,15.82,overcast clouds
115,Hermanus,ZA,2021-08-05 19:50:34,-34.4187,19.2345,55.9,89,1,10.09,clear sky
116,Flinders,AU,2021-08-05 19:50:34,-34.5833,150.8552,51.08,76,0,8.14,clear sky
117,Mount Isa,AU,2021-08-05 19:50:34,-20.7333,139.5,49.77,46,9,6.91,clear sky
118,Caravelas,BR,2021-08-05 19:50:35,-17.7125,-39.2481,71.51,70,99,10.87,overcast clouds
119,Norman Wells,CA,2021-08-05 19:50:35,65.282,-126.8329,62.64,67,75,11.5,smoke
120,Castro,BR,2021-08-05 19:50:35,-24.7911,-50.0119,59.02,70,100,7.43,overcast clouds
121,Tarija,BO,2021-08-05 19:50:35,-21.5355,-64.7296,76.91,23,40,5.75,scattered clouds
122,Ahipara,NZ,2021-08-05 19:50:36,-35.1667,173.1667,55.08,85,54,14.97,broken clouds
123,Saldanha,ZA,2021-08-05 19:50:36,-33.0117,17.9442,51.85,88,0,3.51,clear sky
124,Guerrero Negro,MX,2021-08-05 19:50:36,27.9769,-114.0611,82.27,54,20,10.45,few clouds
125,Chakrata,IN,2021-08-05 19:50:37,30.7,77.85,60.39,92,22,1.52,few clouds
126,Taquaritinga Do Norte,BR,2021-08-05 19:50:37,-7.9031,-36.0442,68.29,77,73,12.01,broken clouds
127,Lebedinyy,RU,2021-08-05 19:50:37,58.5167,125.5167,52.95,91,79,3.65,broken clouds
128,Vostok,RU,2021-08-05 19:50:37,46.4856,135.8833,63.75,97,100,4.0,overcast clouds
129,Tadine,NC,2021-08-05 19:50:38,-21.55,167.8833,67.64,65,90,16.78,overcast clouds
130,Nanortalik,GL,2021-08-05 19:50:38,60.1432,-45.2371,47.37,90,100,6.87,overcast clouds
131,Port Elizabeth,ZA,2021-08-05 19:48:08,-33.918,25.5701,61.09,82,40,14.97,light rain
132,Obuasi,GH,2021-08-05 19:50:38,6.206,-1.6619,71.64,95,100,1.77,light rain
133,Brae,GB,2021-08-05 19:50:39,60.3964,-1.353,60.71,90,36,16.53,scattered clouds
134,Victoria,HK,2021-08-05 19:50:39,22.2855,114.1577,84.16,96,100,3.0,heavy intensity rain
135,Lasa,IT,2021-08-05 19:49:54,46.6166,10.7002,62.51,83,93,4.36,overcast clouds
136,Hermiston,US,2021-08-05 19:46:56,45.8404,-119.2895,94.8,37,1,4.61,clear sky
137,Tateyama,JP,2021-08-05 19:50:40,34.9833,139.8667,80.62,85,29,8.55,scattered clouds
138,Nome,US,2021-08-05 19:49:33,64.5011,-165.4064,61.16,76,1,19.57,clear sky
139,Kampong Thum,KH,2021-08-05 19:50:40,12.7111,104.8887,77.04,93,100,3.13,light rain
140,Chingirlau,KZ,2021-08-05 19:50:40,51.095,54.0814,74.32,40,100,10.67,overcast clouds
141,Okha,RU,2021-08-05 19:50:40,53.5739,142.9478,54.61,87,100,13.82,overcast clouds
142,Mykolayivka,UA,2021-08-05 19:50:41,47.5414,30.7561,73.02,84,27,10.18,scattered clouds
143,Ilulissat,GL,2021-08-05 19:49:25,69.2167,-51.1,49.89,58,100,16.96,overcast clouds
144,Mbala,ZM,2021-08-05 19:50:41,-8.8402,31.3659,65.75,48,52,6.24,broken clouds
145,Atuona,PF,2021-08-05 19:50:42,-9.8,-139.0333,77.88,75,36,15.9,light rain
146,Cidreira,BR,2021-08-05 19:50:42,-30.1811,-50.2056,61.84,88,96,14.54,overcast clouds
147,Ponta Do Sol,PT,2021-08-05 19:50:42,32.6667,-17.1,75.7,83,29,1.5,scattered clouds
148,Turayf,SA,2021-08-05 19:50:42,31.6725,38.6637,88.05,18,0,11.5,clear sky
149,Tiarei,PF,2021-08-05 19:50:43,-17.5333,-149.3333,82.42,77,86,10.33,overcast clouds
150,Zhezkazgan,KZ,2021-08-05 19:50:43,47.8043,67.7144,78.91,30,76,9.35,broken clouds
151,Inhambane,MZ,2021-08-05 19:50:43,-23.865,35.3833,64.38,94,20,8.1,few clouds
152,Sao Joao Da Barra,BR,2021-08-05 19:50:43,-21.6403,-41.0511,68.09,78,91,9.51,overcast clouds
153,Karpinsk,RU,2021-08-05 19:50:44,59.7654,60.0085,59.38,98,39,5.26,scattered clouds
154,Sibay,RU,2021-08-05 19:50:44,52.7181,58.6658,66.42,67,42,5.73,scattered clouds
155,Lorengau,PG,2021-08-05 19:50:44,-2.0226,147.2712,80.01,82,100,7.02,overcast clouds
156,Beloha,MG,2021-08-05 19:49:26,-25.1667,45.05,65.03,72,0,7.0,clear sky
157,Saint Anthony,US,2021-08-05 19:50:45,45.0205,-93.218,84.34,65,1,5.99,clear sky
158,Ginda,IN,2021-08-05 19:50:45,30.6945,78.4932,65.52,95,63,2.06,broken clouds
159,Altay,CN,2021-08-05 19:50:45,47.8667,88.1167,56.73,68,8,4.59,clear sky
160,Faya,SA,2021-08-05 19:48:28,18.3851,42.4509,64.92,67,83,4.07,broken clouds
161,Codrington,AU,2021-08-05 19:50:45,-38.2667,141.9667,51.37,82,100,11.36,overcast clouds
162,Paamiut,GL,2021-08-05 19:48:58,61.994,-49.6678,44.82,95,100,32.01,moderate rain
163,Hobyo,SO,2021-08-05 19:50:46,5.3505,48.5268,76.42,81,77,28.54,broken clouds
164,Chernolesskoye,RU,2021-08-05 19:50:46,44.7156,43.7133,82.89,33,0,13.85,clear sky
165,Hurghada,EG,2021-08-05 19:49:16,27.2574,33.8129,89.64,66,0,0.0,dust
166,Hirara,JP,2021-08-05 19:50:47,24.8,125.2833,82.29,87,100,21.3,light rain
167,Alyangula,AU,2021-08-05 19:50:47,-13.8483,136.4192,58.87,82,85,0.0,overcast clouds
168,Wasilla,US,2021-08-05 19:49:34,61.5814,-149.4394,65.84,79,90,3.44,smoke
169,Glens Falls,US,2021-08-05 19:50:28,43.3095,-73.644,83.71,52,1,1.99,clear sky
170,Yar-Sale,RU,2021-08-05 19:49:17,66.8333,70.8333,61.63,74,81,7.18,broken clouds
171,Mantua,IT,2021-08-05 19:46:37,45.1667,10.7833,77.32,72,4,4.65,clear sky
172,Sorab,IN,2021-08-05 19:50:47,14.3833,75.1,70.84,95,100,10.27,overcast clouds
173,Saskylakh,RU,2021-08-05 19:50:48,71.9167,114.0833,48.2,69,12,6.24,few clouds
174,Ayacucho,PE,2021-08-05 19:50:48,-13.1583,-74.2239,71.46,18,0,3.44,clear sky
175,Kipushi,CD,2021-08-05 19:50:48,-11.7667,27.2333,60.96,34,0,4.21,clear sky
176,Shingu,JP,2021-08-05 19:49:21,33.7333,135.9833,77.92,95,100,9.53,overcast clouds
177,Limbang,MY,2021-08-05 19:50:49,4.75,115.0,79.11,96,62,1.79,broken clouds
178,Miraflores,MX,2021-08-05 19:50:49,19.2167,-98.8083,69.87,77,100,1.7,overcast clouds
179,Bathsheba,BB,2021-08-05 19:49:39,13.2167,-59.5167,83.59,73,10,12.97,clear sky
180,Seoni,IN,2021-08-05 19:50:49,22.0833,79.5333,71.08,94,87,5.46,overcast clouds
181,Faanui,PF,2021-08-05 19:50:50,-16.4833,-151.75,79.03,70,24,10.29,few clouds
182,Adrar,MR,2021-08-05 19:50:39,20.5022,-10.0711,98.62,13,5,13.8,clear sky
183,Provideniya,RU,2021-08-05 19:50:50,64.3833,-173.3,50.11,71,0,11.18,clear sky
184,Lompoc,US,2021-08-05 19:50:50,34.6391,-120.4579,80.31,67,1,14.97,mist
185,Kingaroy,AU,2021-08-05 19:50:51,-26.5333,151.8333,42.84,93,33,4.61,scattered clouds
186,Ulaanbaatar,MN,2021-08-05 19:50:51,47.9077,106.8832,48.33,93,0,2.24,clear sky
187,Alepe,CI,2021-08-05 19:50:51,5.5004,-3.6631,78.67,86,65,4.18,broken clouds
188,Bengkulu,ID,2021-08-05 19:50:52,-3.8004,102.2655,75.27,90,96,3.67,overcast clouds
189,Esperance,AU,2021-08-05 19:50:52,-33.8667,121.9,49.84,82,0,10.51,clear sky
190,Geraldton,AU,2021-08-05 19:50:52,-28.7667,114.6,43.21,87,0,6.91,clear sky
191,Sola,VU,2021-08-05 19:50:52,-13.8833,167.55,77.83,75,28,2.91,scattered clouds
192,Bonthe,SL,2021-08-05 19:50:53,7.5264,-12.505,77.11,82,100,13.24,light rain
193,Pontes E Lacerda,BR,2021-08-05 19:50:53,-15.2261,-59.3353,92.8,15,27,2.91,scattered clouds
194,Verkhoyansk,RU,2021-08-05 19:50:53,67.5447,133.385,43.59,83,32,4.03,scattered clouds
195,Namatanai,PG,2021-08-05 19:50:54,-3.6667,152.4333,78.06,86,99,9.28,moderate rain
196,Lazaro Cardenas,MX,2021-08-05 19:50:54,17.9583,-102.2,84.78,66,97,4.09,overcast clouds
197,Pevek,RU,2021-08-05 19:50:54,69.7008,170.3133,37.71,97,100,4.43,overcast clouds
198,Kavaratti,IN,2021-08-05 19:50:54,10.5669,72.642,82.2,80,99,20.76,overcast clouds
199,Coihaique,CL,2021-08-05 19:49:51,-45.5752,-72.0662,51.75,43,90,10.36,light rain
200,Jalu,LY,2021-08-05 19:50:55,29.0331,21.5482,95.52,16,0,17.16,clear sky
201,Dese,ET,2021-08-05 19:50:55,11.1333,39.6333,54.99,80,49,2.66,light rain
202,Katobu,ID,2021-08-05 19:50:55,-4.9408,122.5276,74.46,92,81,5.41,broken clouds
203,Mapiripan,CO,2021-08-05 19:50:56,2.8892,-72.1256,75.31,85,95,4.79,overcast clouds
204,Kahului,US,2021-08-05 19:50:56,20.8947,-156.47,82.42,76,20,17.27,few clouds
205,Sitka,US,2021-08-05 19:50:56,57.0531,-135.33,66.09,59,90,10.36,overcast clouds
206,Inuvik,CA,2021-08-05 19:50:57,68.3499,-133.7218,69.01,50,1,8.05,smoke
207,Port Alfred,ZA,2021-08-05 19:49:00,-33.5906,26.891,62.26,92,7,5.44,clear sky
208,Nizwa,OM,2021-08-05 19:50:57,22.9333,57.5333,93.11,28,3,6.31,clear sky
209,Klaksvik,FO,2021-08-05 19:50:57,62.2266,-6.589,54.52,95,100,7.49,overcast clouds
210,Hami,CN,2021-08-05 19:50:57,42.8,93.45,85.08,21,93,15.05,overcast clouds
211,Olinda,BR,2021-08-05 19:50:58,-8.0089,-34.8553,74.93,94,75,10.36,mist
212,Daru,PG,2021-08-05 19:49:14,-9.0763,143.2092,76.03,78,61,14.9,broken clouds
213,Visnes,NO,2021-08-05 19:50:58,59.3556,5.2242,63.1,77,36,6.91,scattered clouds
214,Ballina,AU,2021-08-05 19:50:58,-28.8667,153.5667,47.79,93,46,2.3,scattered clouds
215,Ossora,RU,2021-08-05 19:50:59,59.2353,163.0719,48.38,92,100,11.61,moderate rain
216,Pangkalanbuun,ID,2021-08-05 19:50:59,-2.6833,111.6167,74.59,98,100,2.44,overcast clouds
217,Barra Do Garcas,BR,2021-08-05 19:50:49,-15.89,-52.2567,91.98,19,0,9.22,clear sky
218,Lavrentiya,RU,2021-08-05 19:51:00,65.5833,-171.0,52.75,94,100,3.18,moderate rain
219,Fayaoue,NC,2021-08-05 19:51:00,-20.65,166.5333,70.92,72,100,11.45,overcast clouds
220,Manubul,PH,2021-08-05 19:51:00,5.4732,120.7986,83.95,75,66,3.78,broken clouds
221,Norwich,GB,2021-08-05 19:51:00,52.6278,1.2983,64.92,85,40,3.0,heavy intensity rain
222,San Cristobal,VE,2021-08-05 19:48:08,7.7669,-72.225,80.78,56,36,7.92,scattered clouds
223,Mount Gambier,AU,2021-08-05 19:51:01,-37.8333,140.7667,49.91,87,90,6.91,overcast clouds
224,Energetik,RU,2021-08-05 19:51:01,51.7445,58.7934,75.6,47,84,4.36,broken clouds
225,Broome,US,2021-08-05 19:51:01,42.2506,-75.833,82.62,56,20,0.0,few clouds
226,Terrace,CA,2021-08-05 19:47:55,54.5163,-128.6035,66.11,77,75,24.16,light rain
227,Carnarvon,AU,2021-08-05 19:50:43,-24.8667,113.6333,51.87,33,0,10.36,clear sky
228,Hovd,MN,2021-08-05 19:51:02,48.0056,91.6419,64.08,44,54,6.15,broken clouds
229,Kimberley,ZA,2021-08-05 19:51:02,-28.7323,24.7623,56.89,28,3,8.05,clear sky
230,Abu Kamal,SY,2021-08-05 19:51:02,34.4506,40.9171,100.31,15,66,7.9,broken clouds
231,San Pedro,PH,2021-08-05 19:51:03,14.35,121.0167,81.63,86,20,4.61,few clouds
232,Sal Rei,CV,2021-08-05 19:51:03,16.1833,-22.9167,79.36,89,90,13.8,overcast clouds
233,Agirish,RU,2021-08-05 19:51:03,61.9247,63.0231,62.31,98,99,6.96,light rain
234,Mathbaria,BD,2021-08-05 19:51:04,22.2876,89.9593,82.02,86,58,5.23,broken clouds
235,Mersing,MY,2021-08-05 19:51:04,2.4312,103.8405,78.71,83,100,5.75,overcast clouds
236,Grindavik,IS,2021-08-05 19:51:04,63.8424,-22.4338,58.55,88,75,9.22,broken clouds
237,Emerald,AU,2021-08-05 19:48:09,-23.5333,148.1667,46.54,51,31,4.61,scattered clouds
238,Andenes,NO,2021-08-05 19:51:05,69.3143,16.1194,53.58,94,75,4.61,broken clouds
239,Pisco,PE,2021-08-05 19:51:05,-13.7,-76.2167,68.05,68,0,9.22,clear sky
240,Tupelo,US,2021-08-05 19:46:33,34.2576,-88.7034,88.99,38,20,5.01,few clouds
241,Safaga,EG,2021-08-05 19:51:05,26.7292,33.9365,89.55,56,0,2.84,clear sky
242,Kalevala,RU,2021-08-05 19:51:06,65.2,31.1667,52.36,78,98,1.16,overcast clouds
243,Khorixas,NA,2021-08-05 19:51:06,-20.3667,14.9667,63.61,25,1,5.32,clear sky
244,Simao,CN,2021-08-05 19:51:06,22.7886,100.9748,67.28,98,100,2.42,overcast clouds
245,Rognan,NO,2021-08-05 19:51:06,67.0953,15.3878,55.54,89,100,0.29,overcast clouds
246,Camacha,PT,2021-08-05 19:48:04,33.0833,-16.3333,71.02,88,75,11.5,broken clouds
247,Sinnamary,GF,2021-08-05 19:51:07,5.3833,-52.95,81.5,81,44,5.39,scattered clouds
248,Mnogovershinnyy,RU,2021-08-05 19:51:07,53.9353,139.9242,50.29,98,100,3.65,overcast clouds
249,Grand Gaube,MU,2021-08-05 19:51:07,-20.0064,57.6608,70.2,66,72,7.0,broken clouds
250,Horki,BY,2021-08-05 19:51:08,54.2861,30.9842,59.86,89,99,5.7,overcast clouds
251,Almaty,KZ,2021-08-05 19:49:09,43.25,76.95,69.71,40,20,4.47,few clouds
252,Corbi,RO,2021-08-05 19:51:08,45.2833,24.8,65.73,79,95,5.12,overcast clouds
253,Luderitz,NA,2021-08-05 19:51:08,-26.6481,15.1594,57.33,73,22,3.67,few clouds
254,Burns Lake,CA,2021-08-05 19:51:09,54.2331,-125.7533,65.62,72,100,5.61,overcast clouds
255,Vuktyl,RU,2021-08-05 19:51:09,63.8567,57.3094,55.09,90,100,8.34,overcast clouds
256,Korla,CN,2021-08-05 19:51:09,41.7597,86.1469,81.72,26,92,17.25,overcast clouds
257,Gwanda,ZW,2021-08-05 19:51:09,-20.9333,29.0,56.35,49,0,4.36,clear sky
258,Chimoio,MZ,2021-08-05 19:51:10,-19.1164,33.4833,60.66,72,0,8.05,clear sky
259,Barrow,US,2021-08-05 19:46:44,71.2906,-156.7887,41.02,90,90,18.41,overcast clouds
260,Kupang,ID,2021-08-05 19:51:10,-10.1667,123.5833,76.53,73,90,13.85,overcast clouds
261,Porto Torres,IT,2021-08-05 19:51:10,40.835,8.3972,73.58,80,77,8.19,broken clouds
262,Naifaru,MV,2021-08-05 19:51:11,5.4444,73.3657,82.47,77,99,11.92,overcast clouds
263,Dubti,ET,2021-08-05 19:51:11,11.7361,41.0853,91.94,49,70,2.44,broken clouds
264,Karratha,AU,2021-08-05 19:50:04,-20.7377,116.8463,67.48,29,16,17.49,few clouds
265,Tanda,IN,2021-08-05 19:51:11,26.55,82.65,83.35,79,100,4.38,overcast clouds
266,Belchatow,PL,2021-08-05 19:51:12,51.3688,19.3567,58.98,96,100,15.86,light rain
267,Laguna,US,2021-08-05 19:51:12,38.421,-121.4238,93.04,51,1,10.36,clear sky
268,Jaguarao,BR,2021-08-05 19:51:12,-32.5661,-53.3758,62.74,77,100,11.74,overcast clouds
269,Mabaruma,GY,2021-08-05 19:51:12,8.2,-59.7833,84.6,66,19,6.69,few clouds
270,Casper,US,2021-08-05 19:51:13,42.8666,-106.3131,92.5,23,1,8.99,clear sky
271,Yatou,CN,2021-08-05 19:51:09,37.15,122.3833,73.69,95,100,6.93,overcast clouds
272,Zaidpur,IN,2021-08-05 19:51:13,26.8333,81.3333,84.27,76,100,3.53,overcast clouds
273,Lipari,IT,2021-08-05 19:51:12,38.4674,14.954,82.09,65,0,6.08,clear sky
274,Nalut,LY,2021-08-05 19:49:03,30.3333,10.85,94.14,11,7,5.06,clear sky
275,Erseke,AL,2021-08-05 19:51:13,40.3378,20.6789,66.99,51,16,4.56,few clouds
276,Magnitogorsk,RU,2021-08-05 19:51:14,53.4186,59.0472,61.63,82,40,8.95,scattered clouds
277,Henties Bay,NA,2021-08-05 19:51:14,-22.116,14.2845,54.86,83,1,9.82,clear sky
278,Careiro Da Varzea,BR,2021-08-05 19:51:14,-3.2003,-59.8119,88.43,49,69,0.51,broken clouds
279,Torbay,CA,2021-08-05 19:51:15,47.6666,-52.7314,78.89,43,75,9.22,broken clouds
280,Ilula,TZ,2021-08-05 19:51:15,-7.6766,36.0366,63.14,92,69,5.5,broken clouds
281,Vardo,NO,2021-08-05 19:51:15,70.3705,31.1107,55.15,85,66,6.44,broken clouds
282,Bongaree,AU,2021-08-05 19:51:16,-27.0797,153.1586,53.08,73,27,9.24,scattered clouds
283,Stettler,CA,2021-08-05 19:51:16,52.3168,-112.7186,84.04,39,7,9.22,clear sky
284,Salalah,OM,2021-08-05 19:51:16,17.0151,54.0924,76.62,89,95,8.16,overcast clouds
285,Bubaque,GW,2021-08-05 19:51:16,11.2833,-15.8333,80.08,76,100,9.89,overcast clouds
286,Constitucion,CL,2021-08-05 19:51:17,-35.3333,-72.4167,56.55,75,91,7.09,overcast clouds
287,Yenagoa,NG,2021-08-05 19:51:17,4.9247,6.2642,74.97,90,98,4.83,overcast clouds
288,Raudeberg,NO,2021-08-05 19:51:17,61.9875,5.1352,65.8,73,89,8.32,overcast clouds
289,Chkalovskoye,RU,2021-08-05 19:51:18,44.8392,133.0436,72.43,90,91,4.94,overcast clouds
290,The Valley,AI,2021-08-05 19:51:18,18.217,-63.0578,86.83,79,40,14.97,scattered clouds
291,Port Moresby,PG,2021-08-05 19:51:18,-9.4431,147.1797,74.62,83,20,23.02,few clouds
292,Zverinogolovskoye,RU,2021-08-05 19:51:18,54.4586,64.8542,68.2,81,100,2.55,light rain
293,Mountain Home,US,2021-08-05 19:51:19,43.133,-115.6912,90.88,22,20,8.05,few clouds
294,Ridgecrest,US,2021-08-05 19:51:19,35.6225,-117.6709,109.02,7,20,11.01,few clouds
295,Saint George,US,2021-08-05 19:51:19,37.1041,-113.5841,108.39,12,1,1.01,clear sky
296,Kenai,US,2021-08-05 19:51:20,60.5544,-151.2583,62.1,78,20,8.05,few clouds
297,Oistins,BB,2021-08-05 19:51:20,13.0667,-59.5333,83.01,73,7,13.58,clear sky
298,Kindu,CD,2021-08-05 19:51:20,-2.95,25.95,78.04,55,14,2.89,few clouds
299,Gboko,NG,2021-08-05 19:51:21,7.3179,8.9951,73.27,93,19,2.24,moderate rain
300,Ziro,IN,2021-08-05 19:51:21,27.6333,93.8333,58.42,95,90,2.48,overcast clouds
301,Vila Velha,BR,2021-08-05 19:49:36,-20.3297,-40.2925,71.55,78,75,8.05,broken clouds
302,Turukhansk,RU,2021-08-05 19:51:21,65.8167,87.9833,62.71,57,14,10.18,few clouds
303,Pihuamo,MX,2021-08-05 19:51:22,19.2499,-103.3828,76.32,91,100,2.1,overcast clouds
304,Haysville,US,2021-08-05 19:51:22,37.5645,-97.3523,93.79,43,20,12.66,few clouds
305,Turbat,PK,2021-08-05 19:51:22,26.0023,63.044,89.98,52,4,3.98,clear sky
306,Airai,TL,2021-08-05 19:49:19,-8.9266,125.4092,54.57,64,94,3.94,overcast clouds
307,Acapulco,MX,2021-08-05 19:50:47,16.8634,-99.8901,86.59,64,89,6.62,overcast clouds
308,Walvis Bay,NA,2021-08-05 19:51:22,-22.9575,14.5053,55.09,93,4,3.44,clear sky
309,Nara,JP,2021-08-05 19:49:14,34.6851,135.8049,81.91,94,57,4.92,broken clouds
310,Grong,NO,2021-08-05 19:51:23,64.4654,12.3149,60.08,82,54,2.55,broken clouds
311,Getulio Vargas,UY,2021-08-05 19:51:23,-32.6796,-53.5494,62.56,78,100,10.49,overcast clouds
312,Yakeshi,CN,2021-08-05 19:51:23,49.2833,120.7333,54.01,96,31,5.26,scattered clouds
313,Talnakh,RU,2021-08-05 19:51:24,69.4865,88.3972,65.43,69,82,3.02,broken clouds
314,Kambove,CD,2021-08-05 19:51:24,-10.8764,26.5969,62.51,33,0,3.89,clear sky
315,Cabo San Lucas,MX,2021-08-05 19:50:03,22.8909,-109.9124,92.8,62,81,5.01,broken clouds
316,Beira,MZ,2021-08-05 19:51:24,-19.8436,34.8389,68.09,88,20,9.22,few clouds
317,Tuatapere,NZ,2021-08-05 19:50:54,-46.1333,167.6833,37.81,91,29,3.42,scattered clouds
318,Georgetown,MY,2021-08-05 19:50:51,5.4112,100.3354,81.9,89,20,0.0,few clouds
319,Mbanza-Ngungu,CD,2021-08-05 19:51:25,-5.25,14.8667,78.35,48,2,7.58,clear sky
320,Leh,IN,2021-08-05 19:51:25,34.1667,77.5833,62.65,47,60,6.11,broken clouds
321,Waipawa,NZ,2021-08-05 19:51:13,-41.4122,175.5153,48.83,90,100,4.29,light rain
322,Padang,ID,2021-08-05 19:51:25,-0.9492,100.3543,77.38,87,99,3.47,overcast clouds
323,Pak Phanang,TH,2021-08-05 19:51:26,8.3511,100.202,82.08,83,98,8.19,overcast clouds
324,Ancud,CL,2021-08-05 19:51:26,-41.8697,-73.8203,53.42,87,100,8.84,overcast clouds
325,Sao Jose Da Coroa Grande,BR,2021-08-05 19:51:22,-8.8978,-35.1478,74.64,83,31,11.68,scattered clouds
326,Luena,AO,2021-08-05 19:51:26,-11.7833,19.9167,57.38,26,0,3.58,clear sky
327,Samfya,ZM,2021-08-05 19:51:27,-11.3649,29.5565,65.84,38,0,6.64,clear sky
328,Qui Nhon,VN,2021-08-05 19:51:27,13.7667,109.2333,84.15,71,100,17.43,overcast clouds
329,Ketchikan,US,2021-08-05 19:51:27,55.3422,-131.6461,55.87,100,90,6.91,light rain
330,Moose Factory,CA,2021-08-05 19:51:27,51.2585,-80.6094,53.58,87,75,9.22,light rain
331,Young,UY,2021-08-05 19:51:28,-32.6833,-57.6333,67.23,66,35,6.62,scattered clouds
332,Blyznyuky,UA,2021-08-05 19:51:28,48.8578,36.5551,70.3,51,59,6.96,broken clouds
333,Peruibe,BR,2021-08-05 19:51:28,-24.32,-46.9983,64.58,83,100,5.77,overcast clouds
334,East Wenatchee Bench,US,2021-08-05 19:51:28,47.4257,-120.2812,90.72,36,1,6.91,clear sky
335,Amahai,ID,2021-08-05 19:50:08,-3.3333,128.9167,77.18,89,100,7.87,moderate rain
336,Riga,LV,2021-08-05 19:50:31,57.0,24.0833,59.07,82,0,0.0,clear sky
337,Morant Bay,JM,2021-08-05 19:51:29,17.8815,-76.4093,92.62,65,99,12.82,overcast clouds
338,Vredendal,ZA,2021-08-05 19:51:29,-31.6683,18.5012,54.21,84,0,3.29,clear sky
339,Beringovskiy,RU,2021-08-05 19:51:30,63.05,179.3167,47.75,90,99,5.88,overcast clouds
340,Zonguldak,TR,2021-08-05 19:51:30,41.25,31.8333,68.09,56,0,4.61,clear sky
341,Tahta,EG,2021-08-05 19:51:30,26.7693,31.5021,98.92,12,0,5.5,clear sky
342,Izumo,JP,2021-08-05 19:51:31,35.3667,132.7667,78.75,77,0,3.96,clear sky
343,Ourossogui,SN,2021-08-05 19:51:31,15.6064,-13.3211,91.4,62,20,2.3,few clouds
344,Havoysund,NO,2021-08-05 19:51:31,70.9963,24.6622,52.68,93,89,6.26,overcast clouds
345,Mogadishu,SO,2021-08-05 19:51:32,2.0371,45.3438,76.5,84,100,17.07,overcast clouds
346,Pacific Grove,US,2021-08-05 19:51:32,36.6177,-121.9166,82.17,77,20,1.01,few clouds
347,Les Cayes,HT,2021-08-05 19:51:32,18.2,-73.75,86.32,63,22,11.52,few clouds
348,Namibe,AO,2021-08-05 19:51:32,-15.1961,12.1522,68.63,80,0,4.88,clear sky
349,Bouafle,CI,2021-08-05 19:51:33,6.9904,-5.7442,80.62,90,64,5.46,light rain
350,Matara,LK,2021-08-05 19:51:33,5.9485,80.5353,77.92,88,97,12.53,overcast clouds
351,Tecoanapa,MX,2021-08-05 19:51:33,16.5167,-98.75,86.88,64,95,11.7,overcast clouds
352,Port Blair,IN,2021-08-05 19:51:34,11.6667,92.75,81.86,85,100,20.27,overcast clouds
353,Beirut,LB,2021-08-05 19:50:23,33.8889,35.4944,86.38,70,6,8.05,clear sky
354,Cayenne,GF,2021-08-05 19:51:34,4.9333,-52.3333,86.04,74,0,3.0,clear sky
355,Cabatuan,PH,2021-08-05 19:51:34,10.8794,122.486,77.2,84,99,5.95,overcast clouds
356,Flin Flon,CA,2021-08-05 19:48:50,54.7682,-101.865,67.84,64,90,6.91,smoke
357,Westport,US,2021-08-05 19:50:30,41.1415,-73.3579,81.95,77,90,1.01,overcast clouds
358,Lagoa,PT,2021-08-05 19:51:34,39.05,-27.9833,73.09,90,0,19.35,clear sky
359,Fairbanks,US,2021-08-05 19:50:04,64.8378,-147.7164,75.22,56,1,4.61,smoke
360,Poum,NC,2021-08-05 19:51:35,-20.2333,164.0167,69.82,66,98,20.65,overcast clouds
361,Arlit,NE,2021-08-05 19:51:12,18.7369,7.3853,88.7,43,20,17.22,few clouds
362,Bekhteyevka,RU,2021-08-05 19:51:35,50.8072,37.2085,74.3,54,99,7.65,light rain
363,San Patricio,US,2021-08-05 19:51:36,28.017,-97.5169,85.87,52,100,6.55,overcast clouds
364,Manggar,ID,2021-08-05 19:51:36,-2.8833,108.2667,81.23,81,100,10.45,overcast clouds
365,Katherine,AU,2021-08-05 19:51:36,-14.4667,132.2667,55.72,35,100,5.75,overcast clouds
366,Steinbach,DE,2021-08-05 19:51:37,50.1667,8.5667,67.1,82,40,4.61,light rain
367,Taltal,CL,2021-08-05 19:51:37,-25.4,-70.4833,64.44,59,3,6.17,clear sky
368,Arica,CL,2021-08-05 19:50:54,-18.475,-70.3042,71.15,77,90,10.36,overcast clouds
369,Igrim,RU,2021-08-05 19:51:37,63.1906,64.4162,64.35,95,100,7.54,light rain
370,Tiznit,MA,2021-08-05 19:51:37,29.5833,-9.5,71.96,70,3,3.36,clear sky
371,Moree,AU,2021-08-05 19:51:38,-29.4667,149.85,37.42,100,1,5.75,clear sky
372,Maniitsoq,GL,2021-08-05 19:51:38,65.4167,-52.9,44.33,96,100,31.36,moderate rain
373,Vila Do Maio,CV,2021-08-05 19:51:38,15.1333,-23.2167,81.39,86,100,5.64,overcast clouds
374,Trairi,BR,2021-08-05 19:51:38,-3.2778,-39.2689,81.54,67,95,13.67,overcast clouds
375,Alofi,NU,2021-08-05 19:51:39,-19.0595,-169.9187,64.29,94,82,1.14,broken clouds
376,Souillac,MU,2021-08-05 19:49:04,-20.5167,57.5167,70.18,68,40,11.5,scattered clouds
377,Port Lincoln,AU,2021-08-05 19:51:39,-34.7333,135.8667,54.91,73,100,7.61,overcast clouds
378,Puro,PH,2021-08-05 19:51:40,12.4841,123.3827,82.2,77,61,16.53,broken clouds
379,Harper,LR,2021-08-05 19:51:40,4.375,-7.7169,75.94,83,94,9.42,overcast clouds
380,Morondava,MG,2021-08-05 19:51:40,-20.2833,44.2833,73.31,80,33,9.86,scattered clouds
381,Necochea,AR,2021-08-05 19:51:40,-38.5473,-58.7368,64.04,53,0,15.64,clear sky
382,Finschhafen,PG,2021-08-05 19:51:41,-6.6024,147.8681,76.73,89,100,9.37,moderate rain
383,Umm Lajj,SA,2021-08-05 19:51:41,25.0213,37.2685,91.04,55,0,2.1,clear sky
384,Saint-Joseph,RE,2021-08-05 19:51:41,-21.3667,55.6167,66.56,77,19,11.9,few clouds
385,Shimoda,JP,2021-08-05 19:51:32,34.6667,138.95,78.15,88,44,10.27,scattered clouds
386,San Carlos Del Zulia,VE,2021-08-05 19:51:42,9.0,-71.9135,95.85,41,3,9.82,clear sky
387,Gravdal,NO,2021-08-05 19:51:42,68.1214,13.5031,53.28,94,100,10.63,overcast clouds
388,Olafsvik,IS,2021-08-05 19:51:42,64.8945,-23.7142,56.14,80,20,5.59,few clouds
389,Mar Del Plata,AR,2021-08-05 19:49:50,-38.0023,-57.5575,57.09,29,90,7.0,overcast clouds
390,Whitehorse,CA,2021-08-05 19:51:43,60.7161,-135.0538,66.97,68,75,4.0,light rain
391,San Alberto,CO,2021-08-05 19:51:43,7.7611,-73.3922,89.89,65,48,3.38,scattered clouds
392,Port-Gentil,GA,2021-08-05 19:51:43,-0.7193,8.7815,78.76,78,90,11.5,overcast clouds
393,Vung Tau,VN,2021-08-05 19:51:43,10.346,107.0843,80.55,84,82,15.48,broken clouds
394,Ghanzi,BW,2021-08-05 19:51:44,-21.5667,21.7833,61.27,30,0,6.98,clear sky
395,Pangnirtung,CA,2021-08-05 19:51:44,66.1451,-65.7125,46.4,76,75,12.66,broken clouds
396,Northam,GB,2021-08-05 19:51:44,51.0333,-4.2167,63.39,95,35,15.9,scattered clouds
397,Pilot Butte,CA,2021-08-05 19:51:45,50.4668,-104.4178,76.73,49,20,3.44,smoke
398,Yerofey Pavlovich,RU,2021-08-05 19:51:45,53.9667,121.9667,56.16,98,100,1.61,overcast clouds
399,Elk City,US,2021-08-05 19:49:08,35.412,-99.4043,87.78,51,1,11.5,clear sky
400,Kamenka,RU,2021-08-05 19:51:45,51.3223,42.7678,68.0,48,72,6.78,broken clouds
401,Mayo,US,2021-08-05 19:48:51,38.8876,-76.5119,90.39,51,0,4.0,clear sky
402,Rio Gallegos,AR,2021-08-05 19:51:46,-51.6226,-69.2181,53.65,30,20,41.43,few clouds
403,Tilichiki,RU,2021-08-05 19:48:52,60.4667,166.1,46.58,87,100,18.66,light rain
404,Isiro,CD,2021-08-05 19:51:46,2.7739,27.616,67.75,98,89,2.06,light rain
405,Tazovskiy,RU,2021-08-05 19:51:46,67.4667,78.7,59.72,77,5,6.55,clear sky
406,Matamoros,MX,2021-08-05 19:51:47,25.5333,-103.25,83.1,55,100,13.65,overcast clouds
407,Cap Malheureux,MU,2021-08-05 19:51:47,-19.9842,57.6142,70.29,66,62,7.0,broken clouds
408,Kulhudhuffushi,MV,2021-08-05 19:51:47,6.6221,73.07,81.64,80,95,13.02,overcast clouds
409,Mae Sai,TH,2021-08-05 19:51:48,20.4335,99.8762,76.44,99,100,0.89,overcast clouds
410,Derzhavinsk,KZ,2021-08-05 19:51:48,51.1,66.3167,73.98,45,76,8.72,broken clouds
411,Yekaterinovka,RU,2021-08-05 19:51:48,52.0508,44.3451,64.49,55,100,6.89,overcast clouds
412,Jalingo,NG,2021-08-05 19:51:49,8.8833,11.3667,74.37,90,100,4.12,overcast clouds
413,Floro,NO,2021-08-05 19:51:49,61.5996,5.0328,66.9,67,100,0.0,overcast clouds
414,Severo-Yeniseyskiy,RU,2021-08-05 19:51:49,60.3725,93.0408,54.55,70,5,2.84,clear sky
415,Zyryanka,RU,2021-08-05 19:51:49,65.75,150.85,42.55,86,100,12.84,overcast clouds
416,Panzhihua,CN,2021-08-05 19:51:50,26.5851,101.7128,70.05,87,100,0.43,overcast clouds
417,Upata,VE,2021-08-05 19:51:50,8.0086,-62.3989,79.43,79,35,2.62,scattered clouds
418,Japura,ID,2021-08-05 19:51:50,-0.3167,102.35,75.24,91,100,2.73,overcast clouds
419,Bud,US,2021-08-05 19:51:51,39.447,-86.1758,84.92,51,35,3.58,scattered clouds
420,West Bay,KY,2021-08-05 19:51:51,19.3667,-81.4167,90.05,70,20,9.22,few clouds
421,Makinsk,KZ,2021-08-05 19:51:51,52.6292,70.4169,53.85,59,4,4.03,clear sky
422,Sechura,PE,2021-08-05 19:51:51,-5.5569,-80.8222,78.08,55,7,13.94,clear sky
423,Segamat,MY,2021-08-05 19:51:52,2.5148,102.8158,76.82,88,93,3.71,overcast clouds
424,Etchoropo,MX,2021-08-05 19:51:52,26.7667,-109.6667,95.41,49,3,11.88,clear sky
425,Kisangani,CD,2021-08-05 19:51:52,0.5167,25.2,74.03,80,12,2.04,light rain
426,Kieta,PG,2021-08-05 19:51:53,-6.2167,155.6333,78.13,85,99,8.72,overcast clouds
427,Umm Kaddadah,SD,2021-08-05 19:51:53,13.6017,26.6876,90.14,40,3,16.28,clear sky
428,Naranjal,EC,2021-08-05 19:51:53,-2.6667,-79.6167,84.0,57,20,6.8,few clouds
429,Itarema,BR,2021-08-05 19:51:53,-2.9248,-39.9167,81.88,66,54,15.57,broken clouds
430,Karaton,ID,2021-08-05 19:51:54,-6.3424,106.1045,75.33,93,80,1.7,broken clouds
431,Chuhar Kana,PK,2021-08-05 19:51:54,31.75,73.8,86.11,55,96,6.89,overcast clouds
432,Quatre Cocos,MU,2021-08-05 19:51:12,-20.2078,57.7625,69.91,70,90,14.25,overcast clouds
433,Krasnoselkup,RU,2021-08-05 19:50:51,65.7,82.4667,62.8,74,8,9.71,clear sky
434,San Andres,CO,2021-08-05 19:48:23,12.5847,-81.7006,87.82,70,40,11.5,scattered clouds
435,Alta Floresta,BR,2021-08-05 19:51:55,-9.8756,-56.0861,94.82,20,0,4.61,clear sky
436,Biltine,TD,2021-08-05 19:51:55,14.5333,20.9167,82.2,63,100,17.43,overcast clouds
437,Nikki,BJ,2021-08-05 19:51:55,9.9401,3.2108,70.97,95,98,7.09,overcast clouds
438,Verkhnevilyuysk,RU,2021-08-05 19:51:55,63.4453,120.3167,51.21,56,0,5.35,clear sky
439,Vao,NC,2021-08-05 19:48:30,-22.6667,167.4833,67.19,59,76,18.7,broken clouds
440,Shalu,CN,2021-08-05 19:51:56,28.4504,89.5985,47.16,73,100,6.38,overcast clouds
441,North Bend,US,2021-08-05 19:51:56,43.4065,-124.2243,60.85,100,90,5.75,fog
442,Grand Baie,MU,2021-08-05 19:51:56,-20.0182,57.5802,70.27,66,48,7.0,scattered clouds
443,Aksay,RU,2021-08-05 19:51:57,47.26,39.87,81.36,44,99,5.99,moderate rain
444,Ola,RU,2021-08-05 19:51:57,59.5833,151.2833,49.33,61,100,11.56,overcast clouds
445,Dunedin,NZ,2021-08-05 19:51:57,-45.8742,170.5036,47.8,91,62,1.01,broken clouds
446,Manoel Urbano,BR,2021-08-05 19:51:58,-8.8389,-69.2597,96.12,23,4,1.25,clear sky
447,Ler,SS,2021-08-05 19:51:58,8.3018,30.1418,73.17,87,4,4.36,clear sky
448,Dingle,PH,2021-08-05 19:51:58,10.9995,122.6711,76.89,87,100,6.93,overcast clouds
449,Awbari,LY,2021-08-05 19:51:58,26.5921,12.7805,93.78,11,0,5.53,clear sky
450,Sur,OM,2021-08-05 19:51:59,22.5667,59.5289,92.89,47,24,10.31,few clouds
451,Avallon,FR,2021-08-05 19:51:59,47.4833,3.9,63.54,77,100,6.78,overcast clouds
452,Tungor,RU,2021-08-05 19:51:59,53.3808,142.9564,54.05,88,100,13.44,overcast clouds
453,Marataizes,BR,2021-08-05 19:51:59,-21.0433,-40.8244,69.33,78,96,7.18,overcast clouds
454,Shatalovo,RU,2021-08-05 19:52:00,54.334,32.4465,61.14,85,97,2.75,overcast clouds
455,Zhicheng,CN,2021-08-05 19:52:00,30.2956,111.5047,78.57,89,9,3.69,light rain
456,Angoram,PG,2021-08-05 19:52:00,-4.0625,144.0661,73.9,98,70,1.9,broken clouds
457,Galich,RU,2021-08-05 19:52:01,58.3797,42.3475,55.58,67,99,4.99,overcast clouds
458,Palencia,ES,2021-08-05 19:52:01,42.4167,-4.5,76.8,36,2,8.23,clear sky
459,Taoudenni,ML,2021-08-05 19:52:01,22.6783,-3.9836,109.09,9,5,9.89,clear sky
460,Callaway,US,2021-08-05 19:52:02,30.153,-85.5699,89.19,70,75,8.01,broken clouds
461,Byron Bay,AU,2021-08-05 19:49:07,-28.65,153.6167,48.87,74,49,6.29,scattered clouds
462,Bairiki,KI,2021-08-05 19:51:43,1.3292,172.9752,80.6,69,20,9.22,few clouds
463,Rach Gia,VN,2021-08-05 19:52:02,10.0167,105.0833,78.75,82,100,14.9,overcast clouds
464,Saiha,IN,2021-08-05 19:52:03,22.4833,92.9667,70.72,99,100,1.68,overcast clouds
465,Akyab,MM,2021-08-05 19:52:03,20.15,92.9,80.29,86,100,9.46,light rain
466,Sioux Lookout,CA,2021-08-05 19:52:03,50.1001,-91.917,66.27,94,90,3.44,thunderstorm with rain
467,Nagornyy,RU,2021-08-05 19:52:03,52.7959,83.5498,61.95,88,100,6.53,light rain
468,Terme,TR,2021-08-05 19:52:04,41.2092,36.9739,73.92,80,0,4.7,clear sky
469,Aksarka,RU,2021-08-05 19:52:04,66.5606,67.7975,62.08,77,91,7.83,overcast clouds
470,Thinadhoo,MV,2021-08-05 19:52:04,0.5333,72.9333,80.38,79,100,5.88,heavy intensity rain
471,Ayna,PE,2021-08-05 19:52:05,-12.65,-73.9167,81.1,42,10,5.55,clear sky
472,Kauhajoki,FI,2021-08-05 19:52:05,62.4333,22.1833,55.65,70,8,3.44,clear sky
473,Crotone,IT,2021-08-05 19:52:05,39.0851,17.1178,71.92,46,97,12.71,overcast clouds
474,Fortuna,US,2021-08-05 19:49:04,40.5982,-124.1573,65.93,69,75,3.0,broken clouds
475,Manaure,CO,2021-08-05 19:52:06,11.7751,-72.4445,91.78,45,5,17.98,clear sky
476,Buala,SB,2021-08-05 19:52:06,-8.145,159.5921,78.6,81,93,8.43,light rain
477,Port Hawkesbury,CA,2021-08-05 19:52:06,45.6169,-61.3485,75.58,99,90,8.05,mist
478,Ahar,IR,2021-08-05 19:52:07,38.4774,47.0699,71.73,34,0,3.6,clear sky
479,Tabou,CI,2021-08-05 19:51:31,4.423,-7.3528,75.83,85,48,8.75,light rain
480,Koslan,RU,2021-08-05 19:52:07,63.4564,48.8989,47.48,89,27,4.63,scattered clouds
481,Babati,TZ,2021-08-05 19:52:07,-4.2167,35.75,60.73,73,13,3.44,few clouds
482,San Quintin,MX,2021-08-05 19:52:07,30.4833,-115.95,74.39,70,7,11.88,clear sky
483,Kristiansund,NO,2021-08-05 19:52:08,63.1115,7.732,64.45,63,75,5.75,broken clouds
484,Lakselv,NO,2021-08-05 19:52:08,70.0513,24.9718,55.22,87,0,3.44,clear sky
485,Paysandu,UY,2021-08-05 19:52:03,-32.3214,-58.0756,67.6,62,44,8.34,scattered clouds
486,Tanout,NE,2021-08-05 19:52:08,14.9709,8.8879,92.39,35,76,10.78,broken clouds
487,Ambunti,PG,2021-08-05 19:48:15,-4.2365,142.8448,71.76,99,38,1.23,scattered clouds
488,Komsomolskiy,UZ,2021-08-05 19:48:52,40.4272,71.7189,81.32,28,32,6.91,scattered clouds
489,Warri,NG,2021-08-05 19:52:09,5.5167,5.75,74.66,90,25,4.74,scattered clouds
490,Sosnovo-Ozerskoye,RU,2021-08-05 19:52:09,52.5249,111.5418,51.21,89,8,6.58,clear sky
491,Tunja,CO,2021-08-05 19:52:09,5.5353,-73.3678,55.02,78,77,5.86,broken clouds
492,Atyrau,KZ,2021-08-05 19:51:02,47.1167,51.8833,86.02,32,0,17.9,clear sky
493,Binga,ZW,2021-08-05 19:52:10,-17.6203,27.3414,62.82,42,0,0.83,clear sky
494,Naryan-Mar,RU,2021-08-05 19:52:10,67.6713,53.087,53.44,84,100,5.21,overcast clouds
495,Tottori,JP,2021-08-05 19:49:19,35.5,134.2333,78.67,71,0,5.79,clear sky
496,Burnie,AU,2021-08-05 19:51:03,-41.0667,145.9167,49.91,79,94,16.06,overcast clouds
497,Contamana,PE,2021-08-05 19:52:11,-7.3333,-75.0167,93.94,23,3,4.12,clear sky
498,Hay River,CA,2021-08-05 19:52:11,60.8156,-115.7999,58.96,72,75,10.36,broken clouds
499,Lodja,CD,2021-08-05 19:52:11,-3.4833,23.4333,78.21,40,33,1.54,scattered clouds
500,Camrose,CA,2021-08-05 19:52:11,53.0168,-112.8353,86.58,18,29,8.7,scattered clouds
501,Wilmington,US,2021-08-05 19:51:31,34.2257,-77.9447,82.31,74,75,5.75,broken clouds
502,Comodoro Rivadavia,AR,2021-08-05 19:50:03,-45.8667,-67.5,67.86,30,0,12.66,clear sky
503,Carupano,VE,2021-08-05 19:52:12,10.6678,-63.2585,84.78,69,5,10.71,clear sky
504,Vila Franca Do Campo,PT,2021-08-05 19:51:32,37.7167,-25.4333,73.81,76,0,8.12,clear sky
505,Olenegorsk,RU,2021-08-05 19:52:12,68.15,33.3,52.97,77,100,5.26,overcast clouds
506,Mehamn,NO,2021-08-05 19:52:13,71.0357,27.8492,53.55,82,75,5.75,broken clouds
507,Tubuala,PA,2021-08-05 19:52:13,9.5167,-79.0333,85.33,74,82,7.0,broken clouds
508,Kerema,PG,2021-08-05 19:52:13,-7.9631,145.7785,75.06,91,100,9.08,overcast clouds
509,Bayonet Point,US,2021-08-05 19:52:13,28.3267,-82.6834,85.44,66,78,20.22,moderate rain
510,Kathmandu,NP,2021-08-05 19:49:23,27.7167,85.3167,73.62,88,75,0.0,broken clouds
511,Omsukchan,RU,2021-08-05 19:52:14,62.5333,155.8,37.22,99,100,8.32,moderate rain
512,Pendleton,US,2021-08-05 19:52:14,45.6721,-118.7886,92.61,31,1,3.0,clear sky
513,Ahuimanu,US,2021-08-05 19:51:22,21.4447,-157.8378,82.11,67,90,11.5,overcast clouds
514,Sokoni,TZ,2021-08-05 19:52:14,-6.4333,39.55,76.86,79,44,10.69,scattered clouds
515,Muri,IN,2021-08-05 19:52:15,23.3667,85.8667,79.83,87,23,4.47,few clouds
516,Sabla,NG,2021-08-05 19:52:15,12.7525,4.7077,81.05,70,98,10.94,overcast clouds
517,Iquitos,PE,2021-08-05 19:50:41,-3.7481,-73.2472,91.44,43,40,9.22,scattered clouds
518,Zeya,RU,2021-08-05 19:52:16,53.75,127.2667,57.6,98,100,4.7,overcast clouds
519,La Rioja,ES,2021-08-05 19:52:16,42.25,-2.5,71.38,61,2,4.32,clear sky
520,Imbituba,BR,2021-08-05 19:52:16,-28.24,-48.6703,68.83,91,98,8.21,overcast clouds
521,Mbandaka,CD,2021-08-05 19:52:16,0.0487,18.2603,80.49,43,89,0.27,overcast clouds
522,Meadow Lake,US,2021-08-05 19:52:17,34.8014,-106.5436,90.37,24,0,6.85,clear sky
523,Mecca,SA,2021-08-05 19:52:17,21.4267,39.8261,93.45,31,30,3.91,scattered clouds
524,Balmedie,GB,2021-08-05 19:52:17,57.2505,-2.0616,60.3,94,90,9.22,overcast clouds
525,Calvinia,ZA,2021-08-05 19:52:17,-31.4707,19.776,49.21,48,0,1.79,clear sky
526,Korcula,HR,2021-08-05 19:52:18,42.9622,17.1369,77.56,65,100,6.6,overcast clouds
527,Kirakira,SB,2021-08-05 19:52:18,-10.4544,161.9205,73.15,77,8,5.73,clear sky
528,Vanimo,PG,2021-08-05 19:49:22,-2.6741,141.3028,76.03,88,14,5.68,few clouds
529,Balkanabat,TM,2021-08-05 19:52:18,39.5108,54.3671,91.47,27,0,7.14,clear sky
530,Naze,JP,2021-08-05 19:52:19,28.3667,129.4833,77.79,91,99,27.67,overcast clouds
531,Bredy,RU,2021-08-05 19:52:19,52.4153,60.3411,73.09,55,87,14.56,overcast clouds
532,Axim,GH,2021-08-05 19:52:19,4.8699,-2.2405,76.82,83,98,8.32,overcast clouds
533,Port Hardy,CA,2021-08-05 19:52:19,50.6996,-127.4199,60.98,88,90,12.66,light rain
534,Honiara,SB,2021-08-05 19:52:20,-9.4333,159.95,73.72,82,53,5.01,broken clouds
535,Maragogi,BR,2021-08-05 19:52:20,-9.0122,-35.2225,74.05,84,26,11.77,scattered clouds
536,Yulara,AU,2021-08-05 19:52:20,-25.2406,130.9889,42.64,61,0,6.91,clear sky
537,Le Mars,US,2021-08-05 19:52:21,42.7942,-96.1656,86.72,61,40,4.61,scattered clouds
538,Pareora,NZ,2021-08-05 19:49:29,-44.4871,171.2132,43.18,96,100,4.92,overcast clouds
539,Kem,RU,2021-08-05 19:52:21,64.9555,34.5793,53.01,79,100,5.21,overcast clouds
540,Shelburne,CA,2021-08-05 19:52:21,44.0787,-80.2041,84.06,34,1,7.85,clear sky
541,Alekseyevka,RU,2021-08-05 19:52:22,50.6309,38.6903,71.01,47,48,3.69,scattered clouds
542,Taicheng,CN,2021-08-05 19:52:22,38.731,113.228,62.35,63,0,3.6,clear sky
543,Chara,RU,2021-08-05 19:52:22,56.9064,118.2631,56.35,96,100,1.77,moderate rain
